item,verb,noun,condition,iRT_AJT,verb_delta_cos,verb_pool_size,noun_delta_cos,noun_pool_size,noun_x_source,noun_concreteness,snd3,snd10,snd25,snd50,logDice,collocation_freq,VerbFreq,NounFreq,verb_synset_len
abandon projects,abandon,project,Collocation,1182.30434782609,0.9633874893188475,99.0,0.9701105356216432,90.0,,3.62,170.17,284.97,344.87,374.52,6.46,18018,430978,214649,5
battle diseases,battle,disease,Collocation,1086.21739130435,0.9081149697303772,94.0,0.9725459814071656,93.0,,3.45,102.9,195.33,244.79,273.82,6.46,4809,430978,214649,1
bend rules,bend,rule,Collocation,910.739130434783,0.8850979804992676,94.0,0.9787898063659668,96.0,,2.57,177.48,280.06,326.59,358.7,7.08,14612,430978,214649,6
break silence,break,silence,Collocation,1035.30434782609,0.8913432955741882,92.0,0.9596335887908936,76.0,,3.33,107.25,151.56,168.73,179.07,8.54,53167,430978,214649,59
build trust,build,trust,Collocation,842.260869565217,0.7902234792709351,99.0,0.9852916598320008,95.0,,2.04,146.8,212.51,243.01,258.24,7.64,79084,430978,214649,10
capture scenes,capture,scene,Collocation,1255.69565217391,0.9453328847885132,96.0,0.9755781888961792,95.0,,3.93,236.31,326.09,358.85,376.01,6.32,10061,430978,214649,6
carry risks,carry,risk,Collocation,1211.0,0.6182602643966675,94.0,0.9842413663864136,93.0,,1.63,160.87,238.64,275.56,297.22,7.45,44571,430978,214649,40
cast doubts,cast,doubt,Collocation,928.304347826087,0.6457558870315552,94.0,0.9522586464881896,88.0,,1.79,158.05,239.27,270.23,288.3,9.61,56812,430978,214649,11
catch attention,catch,attention,Collocation,1087.04347826087,0.6603127121925354,89.0,0.9423283338546752,96.0,,2.3,133.07,191.66,213.39,223.75,9.32,133801,430978,214649,29
chase dreams,chase,dream,Collocation,919.0,0.9176573753356934,94.0,0.9746875762939452,93.0,,2.6,147.1,213.55,239.31,254.22,8.24,15269,430978,214649,4
close deals,close,deal,Collocation,978.04347826087,0.9708319306373596,92.0,0.9668649435043336,98.0,,3.1,162.55,254.97,291.8,311.14,7.61,36852,430978,214649,17
cover expenses,cover,expense,Collocation,1055.52173913043,0.8419549465179443,96.0,0.9903383851051332,87.0,,2.57,166.21,247.22,277.52,295.84,7.94,58741,430978,214649,26
crack smiles,crack,smile,Collocation,1090.73913043478,0.8675277233123779,89.0,0.9872381687164308,85.0,,4.5,103.53,159.95,184.24,198.92,8.23,7983,430978,214649,13
crash weddings,crash,wedding,Collocation,1125.26086956522,0.9599488973617554,77.0,0.993722140789032,88.0,,3.92,114.39,181.84,210.21,227.33,6.16,1110,430978,214649,13
cut taxes,cut,tax,Collocation,938.086956521739,0.8980341553688049,99.0,0.9907482266426086,91.0,,3.89,84.254,125.94,147.02,164.68,8.0,40766,430978,214649,41
defuse situations,defuse,situation,Collocation,1235.21739130435,0.9910886287689208,28.0,0.9558700323104858,98.0,,2.03,186.49,274.89,314.53,332.46,6.6,7349,430978,214649,1
defy gravity,defy,gravity,Collocation,1002.69565217391,0.8705506920814514,90.0,0.9905835390090942,78.0,,2.86,73.094,104.58,115.01,120.81,9.72,10447,430978,214649,3
dent confidence,dent,confidence,Collocation,1341.5652173913,0.8729169368743896,23.0,0.9872673749923706,95.0,,2.17,114.6,160.91,178.32,187.72,5.39,1228,430978,214649,1
dissolve marriages,dissolve,marriage,Collocation,1077.17391304348,0.9378655552864076,83.0,0.9738579988479614,95.0,,2.51,196.35,296.41,331.1,348.3,7.61,6378,430978,214649,11
drive change,drive,change,Collocation,1216.91304347826,0.9425607919692992,97.0,0.965651035308838,97.0,,2.89,169.83,260.43,300.98,324.77,7.37,58610,430978,214649,22
drop hints,drop,hint,Collocation,964.95652173913,0.8511212468147278,95.0,0.9808081984519958,89.0,,2.33,145.16,208.15,236.51,250.97,7.79,15554,430978,214649,23
enter competitions,enter,competition,Collocation,922.086956521739,0.920430064201355,92.0,0.9674930572509766,90.0,,3.86,146.29,235.72,281.35,307.68,7.4,35716,430978,214649,9
erase history,erase,history,Collocation,962.608695652174,0.965450882911682,83.0,0.943520188331604,98.0,,2.96,244.12,342.42,382.02,402.74,5.81,5499,430978,214649,3
face facts,face,fact,Collocation,1165.86956521739,0.8532190918922424,99.0,0.9861266016960144,98.0,,2.72,254.34,365.67,419.85,450.64,6.6,24588,430978,214649,9
fight racism,fight,racism,Collocation,995.04347826087,0.9504157900810242,88.0,0.9962458610534668,86.0,,2.36,94.579,134.49,155.54,172.51,6.43,6201,430978,214649,4
float ideas,float,idea,Collocation,1238.26086956522,0.7630782127380371,52.0,0.911410629749298,99.0,,1.61,186.11,292.47,339.77,365.76,5.89,14114,430978,214649,9
flood inboxes,flood,inbox,Collocation,1383.4347826087,0.8830532431602478,89.0,0.9863239526748656,25.0,,4.1,33.769,47.055,52.52,55.362,6.93,1404,430978,214649,4
forge signatures,forge,signature,Collocation,1145.78260869565,0.8800456523895264,89.0,0.9820005893707277,94.0,,4.43,112.21,162.69,182.27,192.44,8.02,6865,430978,214649,7
frame questions,frame,question,Collocation,1262.78260869565,0.9527978897094728,88.0,0.991706132888794,94.0,,3.36,211.73,299.72,335.13,354.36,5.23,10258,430978,214649,6
freeze assets,freeze,asset,Collocation,1016.60869565217,0.9455248713493348,90.0,0.9663584232330322,91.0,,2.92,117.12,175.48,205.56,224.4,7.72,9599,430978,214649,10
fuel passion,fuel,passion,Collocation,1257.04347826087,0.8574286699295044,99.0,0.9721003770828248,95.0,,2.3,119.78,201.4,232.88,253.47,6.98,4510,430978,214649,4
gather momentum,gather,momentum,Collocation,1048.21739130435,0.7888854146003723,94.0,0.9674574732780457,89.0,,2.5,79.992,112.44,123.59,129.88,8.1,16857,430978,214649,9
harbor resentment,harbor,resentment,Collocation,1140.34782608696,0.818461537361145,93.0,0.9954873323440552,51.0,,1.78,65.466,105.55,126.74,139.17,8.83,2450,430978,214649,4
hold breath,hold,breath,Collocation,847.913043478261,0.8364476561546326,94.0,0.960927963256836,85.0,,4.36,72.307,105.92,123.28,131.92,8.2,113164,430978,214649,36
hurl abuse,hurl,abuse,Collocation,1084.04347826087,0.8951936364173889,73.0,0.9619195461273192,92.0,,2.71,95.851,150.62,181.18,201.53,7.7,3968,430978,214649,3
hurt chances,hurt,chance,Collocation,1321.26086956522,0.8940443396568298,89.0,0.9602013230323792,97.0,,1.64,145.16,211.81,236.5,250.46,5.81,8456,430978,214649,7
ignite debates,ignite,debate,Collocation,1433.69565217391,0.8241630792617798,90.0,0.9777584075927734,94.0,,3.18,184.93,291.91,338.79,365.58,6.63,2905,430978,214649,3
inflate ego,inflate,ego,Collocation,1135.65217391304,0.8172375559806824,78.0,0.992938995361328,72.0,,1.74,71.854,105.1,119.65,127.07,8.01,2090,430978,214649,5
invade privacy,invade,privacy,Collocation,1082.04347826087,0.7668070197105408,55.0,0.9843184947967528,93.0,,1.5,60.69,97.554,110.21,116.38,8.67,9975,430978,214649,4
juggle responsibilities,juggle,responsibility,Collocation,1332.4347826087,0.9553055763244628,88.0,0.8567805886268616,94.0,,1.4,139.46,206.54,231.4,249.11,5.39,2651,430978,214649,5
kick habits,kick,habit,Collocation,988.304347826087,0.8692017793655396,88.0,0.9067646861076356,85.0,,2.76,124.43,184.5,207.67,221.79,8.1,10490,430978,214649,8
kill time,kill,time,Collocation,867.826086956522,0.9224557280540466,86.0,0.915713906288147,95.0,,3.07,273.83,408.51,469.17,512.74,5.1,30145,430978,214649,15
land contracts,land,contract,Collocation,1442.04347826087,0.8741521835327148,92.0,0.989329993724823,93.0,,4.15,157.64,239.45,272.05,289.2,6.35,5574,430978,214649,7
launch campaigns,launch,campaign,Collocation,1065.91304347826,0.9724978804588318,95.0,0.9865849614143372,93.0,,3.0,234.82,326.5,365.57,390.31,9.85,143215,430978,214649,6
launder money,launder,money,Collocation,926.913043478261,0.9797428846359252,23.0,0.9538106322288512,97.0,,4.54,103.44,164.62,189.47,205.68,6.0,13271,430978,214649,2
leak images,leak,image,Collocation,1028.13043478261,0.9102241396903992,83.0,0.9422399401664734,95.0,,3.85,179.93,316.21,370.25,403.89,5.66,7240,430978,214649,4
level charges,level,charge,Collocation,1594.34782608696,0.8983315229415894,78.0,0.9500912427902222,93.0,,2.96,190.91,262.88,290.47,306.26,7.29,9233,430978,214649,6
lift bans,lift,ban,Collocation,1215.30434782609,0.786924421787262,96.0,0.9967013597488404,92.0,,2.37,108.72,169.3,203.52,222.15,9.42,32844,430978,214649,24
lock eyes,lock,eye,Collocation,1025.47826086957,0.8964148759841919,90.0,0.9795929789543152,96.0,,4.9,206.15,312.42,361.23,392.48,7.51,26037,430978,214649,9
navigate challenges,navigate,challenge,Collocation,1104.13043478261,0.9400266408920288,98.0,0.9393575191497804,93.0,,2.11,158.7,224.89,250.88,263.63,6.71,12323,430978,214649,3
nurse grudges,nurse,grudge,Collocation,1607.77272727273,0.9643720984458924,34.0,0.9956424236297609,11.0,,2.14,37.542,64.04,72.485,76.267,7.29,1318,430978,214649,5
pad resumes,pad,resume,Collocation,1379.08695652174,0.8217320442199707,53.0,0.972006857395172,88.0,,4.0,27.161,37.773,42.021,44.429,6.69,1157,430978,214649,4
pay visits,pay,visit,Collocation,923.391304347826,0.8760960698127747,95.0,0.9729673862457277,95.0,,3.92,204.08,327.1,373.4,400.14,8.45,96351,430978,214649,11
pick fights,pick,fight,Collocation,859.173913043478,0.9113692045211792,94.0,0.9832401275634766,93.0,,4.2,166.91,274.84,323.71,354.02,8.41,25712,430978,214649,12
pierce darkness,pierce,darkness,Collocation,1654.78260869565,0.9681373834609984,73.0,0.9933927655220032,78.0,,3.85,114.39,168.09,194.04,209.34,7.64,1797,430978,214649,5
pin hopes,pin,hope,Collocation,1029.17391304348,0.8237404823303223,83.0,0.9017336368560792,93.0,,1.25,166.95,241.91,272.45,287.77,8.27,12893,430978,214649,4
plant kisses,plant,kiss,Collocation,1118.0,0.8112097978591919,89.0,0.989065647125244,62.0,,4.48,79.436,123.41,140.16,149.2,7.78,6897,430978,214649,6
polish skills,polish,skill,Collocation,1128.47826086957,0.917322039604187,90.0,0.9867067337036132,86.0,,2.17,158.2,237.46,270.14,289.39,5.28,4607,430978,214649,3
push agendas,push,agenda,Collocation,1043.13043478261,0.920423686504364,96.0,0.9744123220443726,93.0,,2.66,133.95,192.96,217.15,230.81,8.38,28530,430978,214649,10
read minds,read,mind,Collocation,870.652173913043,0.9367933869361876,94.0,0.973176658153534,98.0,,2.5,197.15,276.78,313.43,334.55,6.73,34479,430978,214649,11
reap profits,reap,profit,Collocation,1160.69565217391,0.9390725493431092,59.0,0.9886471033096312,95.0,,3.07,59.81,135.58,177.33,201.82,8.08,9891,430978,214649,2
scrap plans,scrap,plan,Collocation,1115.95652173913,0.8989998698234558,76.0,0.961901307106018,97.0,,3.4,144.41,259.22,311.43,339.79,5.73,8708,430978,214649,3
scrape living,scrape,living,Collocation,1601.26086956522,0.9235904812812804,50.0,0.9590911865234376,68.0,,3.04,118.05,167.4,183.13,190.2,5.89,1286,430978,214649,6
share joy,share,joy,Collocation,932.304347826087,0.9310263395309448,98.0,0.988438367843628,88.0,,2.37,107.12,161.36,189.58,205.58,6.19,17250,430978,214649,5
shatter myths,shatter,myth,Collocation,1145.17391304348,0.8767656087875366,83.0,0.9768772721290588,90.0,,2.17,129.8,193.08,219.75,234.87,7.42,2665,430978,214649,3
shift blame,shift,blame,Collocation,949.04347826087,0.9199212193489076,98.0,0.9942866563796996,56.0,,2.06,57.303,82.246,91.476,96.689,8.39,11839,430978,214649,13
slash spending,slash,spending,Collocation,1297.30434782609,0.962663233280182,91.0,0.9855850338935852,91.0,,3.31,78.229,122.43,144.17,157.7,8.1,4420,430978,214649,5
smear reputations,smear,reputation,Collocation,1323.13043478261,0.9135725498199464,50.0,0.972665548324585,96.0,,1.64,181.29,254.1,285.24,303.63,5.37,1085,430978,214649,4
smell fear,smell,fear,Collocation,1373.34782608696,0.9663390517234802,84.0,0.9640929698944092,97.0,,2.57,208.48,300.15,342.67,365.02,5.75,2087,430978,214649,5
soften tones,soften,tone,Collocation,1216.69565217391,0.9279643893241882,95.0,0.9166215658187866,94.0,,3.07,168.02,248.56,285.18,303.36,6.33,1969,430978,214649,7
sow confusion,sow,confusion,Collocation,1486.91304347826,0.911645770072937,66.0,0.9851139783859252,87.0,,2.24,118.8,177.89,200.35,212.85,7.65,3504,430978,214649,3
spark panic,spark,panic,Collocation,1530.86956521739,0.926198184490204,96.0,0.9808365106582642,53.0,,3.04,68.935,102.98,116.38,124.13,6.08,1203,430978,214649,2
spew hate,spew,hate,Collocation,1017.39130434783,0.9187072515487672,80.0,0.9966223239898682,58.0,,1.97,60.282,84.845,95.871,102.6,8.77,2021,430978,214649,3
spill secrets,spill,secret,Collocation,1118.08695652174,0.8609067797660828,81.0,0.9752954244613647,90.0,,2.19,106.43,149.86,166.24,174.76,6.64,2935,430978,214649,6
spin tales,spin,tale,Collocation,1077.0,0.9048839807510376,83.0,0.9949862360954284,91.0,,3.23,178.08,277.38,316.31,343.61,8.31,8646,430978,214649,8
spread terror,spread,terror,Collocation,1097.34782608696,0.93120938539505,92.0,0.9901028871536256,78.0,,2.43,89.753,127.38,141.12,150.15,6.0,3270,430978,214649,10
steer conversations,steer,conversation,Collocation,1200.04347826087,0.8491051197052002,72.0,0.984067678451538,98.0,,3.28,166.81,255.38,299.17,324.56,6.46,4677,430978,214649,3
stifle dissent,stifle,dissent,Collocation,1468.17391304348,0.8115510940551758,97.0,0.993794083595276,45.0,,2.17,65.304,91.841,101.36,107.56,9.06,2974,430978,214649,4
stimulate discussions,stimulate,discussion,Collocation,1490.73913043478,0.830981969833374,99.0,0.982278048992157,98.0,,3.07,180.21,295.44,351.36,377.72,7.36,12744,430978,214649,7
stir controversies,stir,controversy,Collocation,1339.86956521739,0.7401313781738281,90.0,0.9869788885116576,84.0,,2.29,146.19,222.23,259.61,281.54,8.59,6065,430978,214649,8
strain relations,strain,relation,Collocation,1254.5652173913,0.8523513078689575,80.0,0.9674930572509766,97.0,,2.11,234.35,333.67,369.06,392.03,7.47,5144,430978,214649,9
strike poses,strike,pose,Collocation,1076.47826086957,0.8917999863624573,91.0,0.9675585627555848,54.0,,3.33,12.162,16.888,18.741,19.754,8.6,13132,430978,214649,21
string sentences,string,sentence,Collocation,1136.26086956522,0.91085547208786,45.0,0.9162909388542176,99.0,,3.57,120.5,167.75,185.71,195.53,6.16,2391,430978,214649,7
swallow pride,swallow,pride,Collocation,1057.04347826087,0.9324851036071776,94.0,0.98020738363266,84.0,,1.66,105.29,146.53,161.59,171.11,8.82,8341,430978,214649,8
sway voters,sway,voter,Collocation,1175.78260869565,0.935808539390564,68.0,0.9816045165061952,88.0,,3.93,113.27,163.03,184.22,197.0,7.37,2692,430978,214649,4
sweeten deals,sweeten,deal,Collocation,1235.82608695652,0.8906131982803345,27.0,0.9651816487312316,98.0,,3.1,162.55,254.97,291.8,311.14,6.46,8402,430978,214649,2
swing elections,swing,election,Collocation,1571.86956521739,0.8725805282592773,83.0,0.9829174280166626,94.0,,3.17,169.32,244.01,275.67,294.49,6.04,2890,430978,214649,13
taste success,taste,success,Collocation,1044.65217391304,0.8874394297599792,84.0,0.9803184866905212,97.0,,2.21,194.18,295.66,331.23,349.41,5.9,4956,430978,214649,6
throw parties,throw,party,Collocation,948.260869565217,0.9241197109222412,95.0,0.9493745565414428,92.0,,3.89,161.4,244.31,287.75,312.33,8.54,58685,430978,214649,15
twist words,twist,word,Collocation,1013.30434782609,0.9330129027366638,87.0,0.9457628726959229,98.0,,3.56,247.83,371.55,418.36,446.17,5.18,6271,430978,214649,10
unearth talent,unearth,talent,Collocation,1159.17391304348,0.8027613162994385,77.0,0.9928149580955504,94.0,,2.19,149.46,215.84,243.88,261.1,5.09,1111,430978,214649,2
unleash fury,unleash,fury,Collocation,1099.4347826087,0.9778344631195068,95.0,0.9913347959518432,27.0,,2.89,78.211,122.7,138.28,147.9,8.5,3432,430978,214649,3
unlock potential,unlock,potential,Collocation,1086.91304347826,0.8848263621330261,90.0,0.9611322283744812,97.0,,1.91,154.16,221.87,249.35,265.29,8.54,27122,430978,214649,3
weave stories,weave,story,Collocation,1356.52173913043,0.8540947437286377,83.0,0.9818729758262634,98.0,,3.3,197.18,328.22,376.06,402.62,6.09,15961,430978,214649,4
abandon buildings,abandon,building,Productive,1175.0,0.9250439405441284,99.0,0.9889915585517884,95.0,,4.64,193.2,298.76,338.74,361.38,7.17,15935,430978,214649,5
battle enemies,battle,enemy,Productive,1079.65217391304,0.9611518979072572,94.0,0.9916877746582032,96.0,,2.83,148.22,227.71,259.5,276.9,6.38,3316,430978,214649,1
beat eggs,beat,egg,Productive,1036.13043478261,0.8048112392425537,78.0,0.9675986766815186,97.0,,4.97,124.85,178.59,202.35,217.95,7.28,12025,430978,214649,23
bend legs,bend,leg,Productive,1008.69565217391,0.9695998430252076,94.0,0.9805029034614564,97.0,,4.83,134.48,212.33,256.38,294.07,7.5,7787,430978,214649,6
break bones,break,bone,Productive,936.086956521739,0.930334448814392,92.0,0.9754813313484192,90.0,,4.9,113.62,182.3,215.25,233.86,8.8,66577,430978,214649,59
build structures,build,structure,Productive,873.304347826087,0.984121561050415,99.0,0.9494799375534058,96.0,,4.03,243.93,343.97,379.8,400.18,7.56,85865,430978,214649,10
capture soldiers,capture,soldier,Productive,1064.5652173913,0.818308413028717,96.0,0.9817034006118774,89.0,,4.72,146.17,236.65,278.07,301.43,6.65,10187,430978,214649,6
carry loads,carry,load,Productive,1029.4347826087,0.965851068496704,94.0,0.9866123199462892,98.0,,3.63,139.13,209.14,235.35,251.18,8.16,45814,430978,214649,40
cast lines,cast,line,Productive,1357.13043478261,0.9464386701583862,94.0,0.9702595472335817,98.0,,4.5,253.42,357.41,397.32,421.22,5.33,7730,430978,214649,11
catch fish,catch,fish,Productive,874.782608695652,0.946042537689209,89.0,0.9933391213417052,98.0,,5.0,164.99,237.0,271.35,292.14,9.94,111494,430978,214649,29
chase balls,chase,ball,Productive,1202.95652173913,0.9622492790222168,94.0,0.9785563349723816,99.0,,5.0,152.85,224.94,253.8,268.96,6.8,7917,430978,214649,4
close windows,close,window,Productive,997.04347826087,0.921197772026062,92.0,0.9493435621261596,95.0,,4.86,140.8,244.66,291.16,317.16,8.25,46496,430978,214649,17
cover faces,cover,face,Productive,971.391304347826,0.8324799537658691,96.0,0.977194607257843,97.0,,4.87,234.58,343.73,395.03,428.46,7.66,55326,430978,214649,26
crack eggs,crack,egg,Productive,890.826086956522,0.9333441257476808,89.0,0.9801680445671082,97.0,,4.97,124.85,178.59,202.35,217.95,7.7,7478,430978,214649,13
crash spaceships,crash,spaceship,Productive,1293.65217391304,0.969652771949768,77.0,0.9906375408172609,19.0,,4.48,50.609,75.493,87.215,94.3,7.23,1083,430978,214649,13
cut hair,cut,hair,Productive,870.478260869565,0.8996874094009399,99.0,0.98447984457016,99.0,,4.97,145.81,211.36,244.64,264.55,8.31,46643,430978,214649,41
defuse bombs,defuse,bomb,Productive,997.869565217391,0.9484279751777648,28.0,0.995166838169098,87.0,,4.84,82.168,128.66,156.09,175.26,8.33,5016,430978,214649,1
defy laws,defy,law,Productive,1007.91304347826,0.9828004240989684,90.0,0.9770957231521606,95.0,,2.57,136.56,216.4,271.88,309.43,6.7,12283,430978,214649,3
dissolve sugar,dissolve,sugar,Productive,991.434782608696,0.8617445826530457,83.0,0.9618295431137084,94.0,,4.87,84.472,131.97,165.27,185.99,8.29,7278,430978,214649,11
drive vehicles,drive,vehicle,Productive,944.260869565217,0.919051706790924,97.0,0.990685224533081,95.0,,4.64,135.77,243.43,288.48,318.05,8.3,66778,430978,214649,22
drop anchors,drop,anchor,Productive,1010.86956521739,0.9544598460197448,95.0,0.9843400120735168,65.0,,4.77,96.973,139.06,152.3,158.34,7.3,9980,430978,214649,23
enter houses,enter,house,Productive,1003.13043478261,0.9446269273757936,92.0,0.9854865670204164,94.0,,5.0,207.43,310.94,359.63,394.2,7.62,54063,430978,214649,9
erase boards,erase,board,Productive,1177.65217391304,0.9627084732055664,83.0,0.9591280221939088,93.0,,4.57,187.08,278.44,317.8,338.2,6.27,3931,430978,214649,3
face windows,face,window,Productive,1480.0,0.6656608581542969,99.0,0.967165231704712,95.0,,4.86,140.8,244.66,291.16,317.16,5.38,8743,430978,214649,9
fight armies,fight,army,Productive,1292.78260869565,0.9631505012512208,88.0,0.9912496209144592,96.0,,4.7,127.38,213.56,259.99,294.17,6.16,6330,430978,214649,4
float logs,float,log,Productive,1426.08695652174,0.9328956604003906,52.0,0.9121015071868896,93.0,,4.96,107.86,149.58,163.52,170.97,5.58,871,430978,214649,9
flood areas,flood,area,Productive,1049.39130434783,0.9878585934638976,89.0,0.958817720413208,88.0,,3.72,263.68,404.24,463.02,501.91,6.27,17316,430978,214649,4
forge steel,forge,steel,Productive,1004.17391304348,0.8889467716217041,89.0,0.9925963878631592,76.0,,4.87,98.555,155.27,193.79,217.4,7.58,4002,430978,214649,7
frame pictures,frame,picture,Productive,890.695652173913,0.9434802532196044,88.0,0.9826049208641052,97.0,,4.52,124.67,237.09,298.33,333.94,6.21,9230,430978,214649,6
freeze water,freeze,water,Productive,1236.36363636364,0.9713187217712402,90.0,0.9508214592933656,97.0,,5.0,232.15,324.2,362.8,390.59,5.43,5735,430978,214649,10
fuel cars,fuel,car,Productive,1097.65217391304,0.8915300369262695,99.0,0.9622772336006165,98.0,,4.89,146.58,271.86,328.14,362.93,5.0,4448,430978,214649,4
gather evidence,gather,evidence,Productive,931.347826086957,0.8469932079315186,94.0,0.9925372004508972,95.0,,3.65,161.8,250.91,291.33,310.6,7.94,40083,430978,214649,9
harbor terrorists,harbor,terrorist,Productive,1371.73913043478,0.8795400261878967,93.0,0.98376727104187,90.0,,3.64,85.007,132.96,160.49,178.63,7.66,2297,430978,214649,4
hold hands,hold,hand,Productive,973.826086956522,0.8325691223144531,94.0,0.9875299334526062,96.0,,4.72,269.2,382.64,427.86,454.46,8.38,168395,430978,214649,36
hurl stones,hurl,stone,Productive,1057.78260869565,0.96450936794281,73.0,0.9415457248687744,91.0,,4.72,159.19,242.89,279.87,302.48,7.31,4148,430978,214649,3
hurt children,hurt,child,Productive,1167.69565217391,0.9615941047668456,89.0,0.9857336282730104,97.0,,4.78,201.04,295.22,346.37,384.22,5.5,11455,430978,214649,7
ignite flames,ignite,flame,Productive,1211.4347826087,0.9748726487159728,90.0,0.981716811656952,81.0,,4.67,93.561,139.75,160.47,173.35,7.89,2986,430978,214649,3
inflate balloons,inflate,balloon,Productive,1003.21739130435,0.8530845642089844,78.0,0.986194908618927,83.0,,4.92,82.715,117.6,132.65,140.92,9.37,4946,430978,214649,5
invade territories,invade,territory,Productive,1185.86956521739,0.979499578475952,55.0,0.9815179109573364,91.0,,3.41,170.99,267.54,308.58,331.65,7.73,6334,430978,214649,4
juggle balls,juggle,ball,Productive,943.739130434783,0.9352405667304992,88.0,0.9223726987838744,99.0,,5.0,152.85,224.94,253.8,268.96,5.87,3627,430978,214649,5
kick doors,kick,door,Productive,1010.30434782609,0.9546393156051636,88.0,0.9872676134109496,99.0,,4.81,145.33,240.25,284.65,309.98,6.68,9371,430978,214649,8
kill officers,kill,officer,Productive,1716.73913043478,0.9656172394752502,86.0,0.9767308235168456,91.0,,4.8,200.25,288.09,326.95,352.01,7.23,28098,430978,214649,15
land planes,land,plane,Productive,1061.08695652174,0.962254524230957,92.0,0.9850103259086608,93.0,,4.92,122.19,203.02,246.61,272.63,7.62,6422,430978,214649,7
launch satellites,launch,satellite,Productive,1152.91304347826,0.9339540600776672,95.0,0.9777915477752686,67.0,,4.73,85.82,137.67,159.56,170.31,7.73,23789,430978,214649,6
leak oil,leak,oil,Productive,1007.95454545455,0.8971065282821655,83.0,0.9816628098487854,97.0,,4.93,116.09,174.9,208.49,229.11,7.14,7320,430978,214649,4
level ground,level,ground,Productive,1159.26086956522,0.97752583026886,78.0,0.952347993850708,89.0,,4.77,207.06,291.84,324.49,350.64,5.34,2181,430978,214649,6
lift weights,lift,weight,Productive,907.695652173913,0.902608335018158,96.0,0.8768775463104248,97.0,,3.94,136.57,203.08,229.71,245.41,8.77,39322,430978,214649,24
lock gates,lock,gate,Productive,973.173913043478,0.9699072241783142,90.0,0.9851251840591432,91.0,,4.96,143.81,229.28,265.02,282.2,8.24,11288,430978,214649,9
navigate waters,navigate,water,Productive,1279.39130434783,0.9652236700057985,98.0,0.6926478743553162,97.0,,5.0,232.15,324.2,362.8,390.59,6.46,12267,430978,214649,3
nurse infants,nurse,infant,Productive,1101.31818181818,0.9668474793434144,34.0,0.96650493144989,71.0,,4.93,95.378,142.86,165.46,180.78,6.61,1225,430978,214649,5
pad cushions,pad,cushion,Productive,1268.86956521739,0.95921528339386,53.0,0.9865375757217408,49.0,,4.68,51.694,87.616,103.61,112.46,7.49,1230,430978,214649,4
pay debts,pay,debt,Productive,879.304347826087,0.8780337572097778,95.0,0.9862107634544371,88.0,,2.72,95.713,138.45,158.61,175.87,8.3,84234,430978,214649,11
pick winners,pick,winner,Productive,1008.21739130435,0.915374994277954,94.0,0.9868523478507996,92.0,,3.21,161.86,268.28,315.83,341.99,8.33,25931,430978,214649,12
pierce flesh,pierce,flesh,Productive,1343.5652173913,0.9885035157203674,73.0,0.9816268682479858,80.0,,4.59,117.07,169.48,189.27,199.45,7.06,1508,430978,214649,5
pin hair,pin,hair,Productive,1206.21739130435,0.9396215081214904,83.0,0.992759644985199,99.0,,4.97,145.81,211.36,244.64,264.55,5.09,1623,430978,214649,4
plant seedlings,plant,seedling,Productive,969.04347826087,0.9777191877365112,89.0,0.989159107208252,47.0,,4.56,51.742,78.571,92.66,100.31,8.08,7912,430978,214649,6
polish surfaces,polish,surface,Productive,954.304347826087,0.9830825328826904,90.0,0.97453773021698,95.0,,4.26,249.55,357.56,402.19,427.02,6.5,3211,430978,214649,3
push door,push,door,Productive,1039.95652173913,0.8669787049293518,96.0,0.9824313521385192,99.0,,4.81,145.33,240.25,284.65,309.98,6.53,13073,430978,214649,10
read documents,read,document,Productive,958.130434782609,0.9783147573471068,94.0,0.981660544872284,94.0,,4.41,158.9,245.28,277.4,295.0,6.68,34757,430978,214649,11
reap harvests,reap,harvest,Productive,1327.69565217391,0.9778130650520324,59.0,0.9688152074813844,82.0,,4.0,101.17,144.38,158.59,165.35,9.56,7559,430978,214649,2
scrap cars,scrap,car,Productive,933.217391304348,0.90090149641037,76.0,0.9791705012321472,98.0,,4.89,146.58,271.86,328.14,362.93,5.05,4251,430978,214649,3
scrape skin,scrape,skin,Productive,1129.30434782609,0.9554072022438048,50.0,0.9787023067474364,97.0,,4.79,169.4,240.84,276.4,299.07,5.42,1675,430978,214649,6
share food,share,food,Productive,947.772727272727,0.8976004719734192,98.0,0.9880776405334472,97.0,,4.8,169.07,241.2,280.07,303.04,5.76,17706,430978,214649,5
shatter glass,shatter,glass,Productive,995.95652173913,0.9278979301452636,83.0,0.9373904466629028,92.0,,4.82,149.6,219.89,246.25,262.92,7.26,5273,430978,214649,3
shift position,shift,position,Productive,936.478260869565,0.97369784116745,98.0,0.9697390794754028,96.0,,2.62,229.38,325.34,362.4,380.34,6.49,13395,430978,214649,13
slash throats,slash,throat,Productive,1251.95652173913,0.8721135258674622,91.0,0.971295177936554,82.0,,4.97,78.256,118.6,144.46,163.8,8.11,2869,430978,214649,5
smear blood,smear,blood,Productive,1217.47826086957,0.9542034268379213,50.0,0.9778509736061096,97.0,,4.86,132.86,194.1,218.83,232.67,6.35,2322,430978,214649,4
smell perfume,smell,perfume,Productive,986.434782608696,0.9726533889770508,84.0,0.986029863357544,34.0,,4.66,55.569,89.838,104.75,115.12,8.16,2919,430978,214649,5
soften skin,soften,skin,Productive,966.130434782609,0.9331896901130676,95.0,0.9846988916397096,97.0,,4.79,169.4,240.84,276.4,299.07,7.29,6229,430978,214649,7
sow crops,sow,crop,Productive,1267.65217391304,0.9759106636047364,66.0,0.9949284791946412,94.0,,4.24,130.57,186.59,211.43,228.77,7.86,5292,430978,214649,3
spark flame,spark,flame,Productive,1135.34782608696,0.9289270043373108,96.0,0.9731454253196716,81.0,,4.67,93.561,139.75,160.47,173.35,5.68,1100,430978,214649,2
spew lava,spew,lava,Productive,1273.04347826087,0.9221906065940856,80.0,0.9905092120170592,10.0,,4.82,51.592,80.948,94.118,103.81,8.65,1017,430978,214649,3
spill tea,spill,tea,Productive,982.608695652174,0.9642252326011658,81.0,0.9685676097869872,89.0,,4.69,72.271,138.59,176.5,199.08,7.25,2698,430978,214649,6
spin thread,spin,thread,Productive,1156.86956521739,0.973044216632843,83.0,0.921923279762268,94.0,,4.83,107.65,151.12,168.96,178.79,6.18,3016,430978,214649,8
spread butter,spread,butter,Productive,808.130434782609,0.9145016074180604,92.0,0.9927152395248412,81.0,,4.9,82.231,121.23,150.89,172.76,5.83,3074,430978,214649,10
steer boats,steer,boat,Productive,1139.39130434783,0.9537675380706788,72.0,0.9908119440078736,97.0,,4.93,139.06,231.66,280.03,308.1,6.66,4211,430978,214649,3
stifle yawns,stifle,yawn,Productive,1125.65217391304,0.842251181602478,97.0,0.998420238494873,8.0,,4.46,18.722,27.298,31.233,33.744,9.5,2819,430978,214649,4
stimulate brain,stimulate,brain,Productive,1015.73913043478,0.9446322321891784,99.0,0.9822703003883362,91.0,,4.69,120.31,177.7,212.37,233.34,7.3,6316,430978,214649,7
stir mixtures,stir,mixture,Productive,1626.0,0.8775351047515869,90.0,0.984176516532898,93.0,,3.79,173.87,303.73,353.4,380.67,8.65,9045,430978,214649,8
strain muscles,strain,muscle,Productive,1040.73913043478,0.9416470527648926,80.0,0.9877257347106934,94.0,,4.5,91.117,146.9,175.42,195.22,7.5,3831,430978,214649,9
strike targets,strike,target,Productive,1048.91304347826,0.9486637115478516,91.0,0.93948495388031,95.0,,4.11,165.15,233.33,258.47,270.78,6.88,9230,430978,214649,21
string beads,string,bead,Productive,1226.4347826087,0.9254767298698424,45.0,0.9875350594520568,74.0,,4.9,78.865,116.76,135.58,146.95,8.52,2491,430978,214649,7
swallow pills,swallow,pill,Productive,1015.17391304348,0.963919997215271,94.0,0.986921727657318,86.0,,4.72,68.926,102.91,117.35,126.85,9.06,8107,430978,214649,8
sway hips,sway,hip,Productive,1055.65217391304,0.8142229914665222,68.0,0.9562150835990906,91.0,,4.21,90.411,129.73,157.16,172.63,8.23,2465,430978,214649,4
sweeten milk,sweeten,milk,Productive,1335.82608695652,0.8745530247688293,27.0,0.964804708957672,95.0,,4.92,85.509,138.38,171.6,192.28,7.48,2791,430978,214649,2
swing axes,swing,axe,Productive,1054.78260869565,0.9716181755065918,83.0,0.9961628913879396,40.0,,5.0,40.835,66.546,80.921,90.326,8.05,3085,430978,214649,13
taste beer,taste,beer,Productive,1122.30434782609,0.9764964580535888,84.0,0.9881671667099,93.0,,4.88,74.267,130.5,169.11,196.91,7.03,4437,430978,214649,6
throw rocks,throw,rock,Productive,893.95652173913,0.9490746259689332,95.0,0.936710238456726,90.0,,4.91,225.91,320.78,360.6,382.06,8.39,33109,430978,214649,15
twist ankles,twist,ankle,Productive,1155.47826086957,0.940054714679718,87.0,0.9819213151931764,69.0,,4.81,41.848,89.279,125.92,148.97,9.05,5585,430978,214649,10
unearth fossils,unearth,fossil,Productive,1002.86956521739,0.9491746425628662,77.0,0.9954677820205688,36.0,,4.9,82.179,119.57,136.28,145.49,7.14,748,430978,214649,2
unleash dogs,unleash,dog,Productive,1036.73913043478,0.9270094633102416,95.0,0.9695714116096495,98.0,,4.85,104.88,197.0,248.38,285.38,5.41,2534,430978,214649,3
unlock phones,unlock,phone,Productive,944.0,0.9348440766334534,90.0,0.9588392972946168,97.0,,4.86,132.03,200.44,232.92,254.36,8.28,18357,430978,214649,3
weave baskets,weave,basket,Productive,1108.60869565217,0.960915207862854,83.0,0.9663065671920776,88.0,,5.0,92.968,137.82,159.48,172.87,8.54,7588,430978,214649,4
