Item,Verb,Noun,Condition,iRT_AJT,iAccuracy_AJT,verb,noun,type,noun_concreteness,snd3,snd10,snd25,snd50,avg_v_sim_to_item,avg_v_sim_to_item_10nouns,avg_v_sim_to_item_50nouns,verb_synset_len,logDice,collocation_freq,VerbFreq,NounFreq
abandon projects,abandon,projects,Collocation,1182.30434782609,1.0,abandon,project,collocation,3.62,170.17,284.97,344.87,374.52,0.9124183654785156,0.8056573271751404,0.7878472208976746,5,6.46,18018,430978,214649
battle diseases,battle,diseases,Collocation,1086.21739130435,0.956521739130435,battle,disease,collocation,3.45,102.9,195.33,244.79,273.82,0.8909168243408203,0.8181159496307373,0.7949886322021484,1,6.46,4809,430978,214649
beat odds,beat,odds,Collocation,967.434782608696,1.0,beat,odds,collocation,2.24,135.59,194.58,215.04,223.92,0.8787700533866882,0.7622771859169006,0.7152610421180725,23,7.7,12574,430978,214649
bend rules,bend,rules,Collocation,910.739130434783,1.0,bend,rule,collocation,2.57,177.48,280.06,326.59,358.7,0.8905107378959656,0.7325798869132996,0.7090437412261963,6,7.08,14612,430978,214649
break silence,break,silence,Collocation,1035.30434782609,1.0,break,silence,collocation,3.33,107.25,151.56,168.73,179.07,0.873587965965271,0.7690776586532593,0.7648242115974426,59,8.54,53167,430978,214649
build trust,build,trust,Collocation,842.260869565217,1.0,build,trust,collocation,2.04,146.8,212.51,243.01,258.24,0.8700950145721436,0.7170381546020508,0.7361066937446594,10,7.64,79084,430978,214649
capture scenes,capture,scenes,Collocation,1255.69565217391,0.956521739130435,capture,scene,collocation,3.93,236.31,326.09,358.85,376.01,0.865367591381073,0.7812716364860535,0.7976471185684204,6,6.32,10061,430978,214649
carry risks,carry,risks,Collocation,1211.0,1.0,carry,risk,collocation,1.63,160.87,238.64,275.56,297.22,0.8803097605705261,0.7430782914161682,0.7428359389305115,40,7.45,44571,430978,214649
cast doubts,cast,doubts,Collocation,928.304347826087,1.0,cast,doubt,collocation,1.79,158.05,239.27,270.23,288.3,0.8843212723731995,0.793293833732605,0.7554011344909668,11,9.61,56812,430978,214649
catch attention,catch,attention,Collocation,1087.04347826087,1.0,catch,attention,collocation,2.3,133.07,191.66,213.39,223.75,0.853371798992157,0.7686499357223511,0.7002034187316895,29,9.32,133801,430978,214649
chase dreams,chase,dreams,Collocation,919.0,1.0,chase,dream,collocation,2.6,147.1,213.55,239.31,254.22,0.875464141368866,0.7700077295303345,0.7402093410491943,4,8.24,15269,430978,214649
close deals,close,deals,Collocation,978.04347826087,1.0,close,deal,collocation,3.1,162.55,254.97,291.8,311.14,0.8590593934059143,0.7670530080795288,0.755940854549408,17,7.61,36852,430978,214649
cover expenses,cover,expenses,Collocation,1055.52173913043,1.0,cover,expense,collocation,2.57,166.21,247.22,277.52,295.84,0.878426194190979,0.7929158210754395,0.765909731388092,26,7.94,58741,430978,214649
crack smiles,crack,smiles,Collocation,1090.73913043478,0.956521739130435,crack,smile,collocation,4.5,103.53,159.95,184.24,198.92,0.8915917873382568,0.7979604005813599,0.7727935314178467,13,8.23,7983,430978,214649
crash weddings,crash,weddings,Collocation,1125.26086956522,0.956521739130435,crash,wedding,collocation,3.92,114.39,181.84,210.21,227.33,0.9083120822906494,0.7063157558441162,0.7446111440658569,13,6.16,1110,430978,214649
cut taxes,cut,taxes,Collocation,938.086956521739,1.0,cut,tax,collocation,3.89,84.254,125.94,147.02,164.68,0.8798827528953552,0.7990686297416687,0.7539523839950562,41,8.0,40766,430978,214649
defuse situations,defuse,situations,Collocation,1235.21739130435,1.0,defuse,situation,collocation,2.03,186.49,274.89,314.53,332.46,0.8470402956008911,0.7575912475585938,0.7092667818069458,1,6.6,7349,430978,214649
defy gravity,defy,gravity,Collocation,1002.69565217391,1.0,defy,gravity,collocation,2.86,73.094,104.58,115.01,120.81,0.8672782778739929,0.6803646683692932,0.6737760305404663,3,9.72,10447,430978,214649
dent confidence,dent,confidence,Collocation,1341.5652173913,0.869565217391304,dent,confidence,collocation,2.17,114.6,160.91,178.32,187.72,0.8533724546432495,0.7225451469421387,0.7024413347244263,1,5.39,1228,430978,214649
dissolve marriages,dissolve,marriages,Collocation,1077.17391304348,0.956521739130435,dissolve,marriage,collocation,2.51,196.35,296.41,331.1,348.3,0.8447176218032837,0.6746536493301392,0.6404722332954407,11,7.61,6378,430978,214649
drive change,drive,change,Collocation,1216.91304347826,0.956521739130435,drive,change,collocation,2.89,169.83,260.43,300.98,324.77,0.8719749450683594,0.6870288252830505,0.7463830709457397,22,7.37,58610,430978,214649
drop hints,drop,hints,Collocation,964.95652173913,1.0,drop,hint,collocation,2.33,145.16,208.15,236.51,250.97,0.8999435305595398,0.7711465954780579,0.7656593322753906,23,7.79,15554,430978,214649
enter competitions,enter,competitions,Collocation,922.086956521739,1.0,enter,competition,collocation,3.86,146.29,235.72,281.35,307.68,0.8598493337631226,0.7081521153450012,0.7668107748031616,9,7.4,35716,430978,214649
erase history,erase,history,Collocation,962.608695652174,1.0,erase,history,collocation,2.96,244.12,342.42,382.02,402.74,0.8502310514450073,0.7118090391159058,0.7249271869659424,3,5.81,5499,430978,214649
face facts,face,facts,Collocation,1165.86956521739,1.0,face,fact,collocation,2.72,254.34,365.67,419.85,450.64,0.8434402942657471,0.6814162731170654,0.7135513424873352,9,6.6,24588,430978,214649
fight racism,fight,racism,Collocation,995.04347826087,1.0,fight,racism,collocation,2.36,94.579,134.49,155.54,172.51,0.8924975395202637,0.7620368003845215,0.8032567501068115,4,6.43,6201,430978,214649
float ideas,float,ideas,Collocation,1238.26086956522,0.869565217391304,float,idea,collocation,1.61,186.11,292.47,339.77,365.76,0.8392742872238159,0.6138325929641724,0.6226328015327454,9,5.89,14114,430978,214649
flood inboxes,flood,inboxes,Collocation,1383.4347826087,0.91304347826087,flood,inbox,collocation,4.1,33.769,47.055,52.52,55.362,0.8720428347587585,0.792980968952179,0.8112847805023193,4,6.93,1404,430978,214649
forge signatures,forge,signatures,Collocation,1145.78260869565,1.0,forge,signature,collocation,4.43,112.21,162.69,182.27,192.44,0.8272389769554138,0.7397164702415466,0.7494200468063354,7,8.02,6865,430978,214649
frame questions,frame,questions,Collocation,1262.78260869565,0.91304347826087,frame,question,collocation,3.36,211.73,299.72,335.13,354.36,0.8741147518157959,0.6303533911705017,0.6934256553649902,6,5.23,10258,430978,214649
freeze assets,freeze,assets,Collocation,1016.60869565217,1.0,freeze,asset,collocation,2.92,117.12,175.48,205.56,224.4,0.8798521757125854,0.7750392556190491,0.7424827814102173,10,7.72,9599,430978,214649
fuel passion,fuel,passion,Collocation,1257.04347826087,0.91304347826087,fuel,passion,collocation,2.3,119.78,201.4,232.88,253.47,0.8728127479553223,0.7973036766052246,0.7855156064033508,4,6.98,4510,430978,214649
gather momentum,gather,momentum,Collocation,1048.21739130435,1.0,gather,momentum,collocation,2.5,79.992,112.44,123.59,129.88,0.8969162106513977,0.7907397747039795,0.7776108980178833,9,8.1,16857,430978,214649
harbor resentment,harbor,resentment,Collocation,1140.34782608696,0.91304347826087,harbor,resentment,collocation,1.78,65.466,105.55,126.74,139.17,0.8769022822380066,0.8133846521377563,0.8087407350540161,4,8.83,2450,430978,214649
hold breath,hold,breath,Collocation,847.913043478261,1.0,hold,breath,collocation,4.36,72.307,105.92,123.28,131.92,0.9120561480522156,0.7555716037750244,0.7350833415985107,36,8.2,113164,430978,214649
hurl abuse,hurl,abuse,Collocation,1084.04347826087,1.0,hurl,abuse,collocation,2.71,95.851,150.62,181.18,201.53,0.8902084231376648,0.8218806982040405,0.751541256904602,3,7.7,3968,430978,214649
hurt chances,hurt,chances,Collocation,1321.26086956522,0.695652173913043,hurt,chance,collocation,1.64,145.16,211.81,236.5,250.46,0.8765943050384521,0.6972774267196655,0.7401571273803711,7,5.81,8456,430978,214649
ignite debates,ignite,debates,Collocation,1433.69565217391,1.0,ignite,debate,collocation,3.18,184.93,291.91,338.79,365.58,0.8665144443511963,0.7668267488479614,0.7332159876823425,3,6.63,2905,430978,214649
inflate ego,inflate,ego,Collocation,1135.65217391304,1.0,inflate,ego,collocation,1.74,71.854,105.1,119.65,127.07,0.8318945169448853,0.6520910859107971,0.6666876673698425,5,8.01,2090,430978,214649
invade privacy,invade,privacy,Collocation,1082.04347826087,1.0,invade,privacy,collocation,1.5,60.69,97.554,110.21,116.38,0.8676994442939758,0.6911304593086243,0.6712725162506104,4,8.67,9975,430978,214649
juggle responsibilities,juggle,responsibilities,Collocation,1332.4347826087,1.0,juggle,responsibility,collocation,1.4,139.46,206.54,231.4,249.11,0.8385189771652222,0.7564467787742615,0.7612234950065613,5,5.39,2651,430978,214649
kick habits,kick,habits,Collocation,988.304347826087,1.0,kick,habit,collocation,2.76,124.43,184.5,207.67,221.79,0.8801524043083191,0.7603260278701782,0.7471559047698975,8,8.1,10490,430978,214649
kill time,kill,time,Collocation,867.826086956522,1.0,kill,time,collocation,3.07,273.83,408.51,469.17,512.74,0.8607444167137146,0.6436646580696106,0.6620064377784729,15,5.1,30145,430978,214649
land contracts,land,contracts,Collocation,1442.04347826087,0.91304347826087,land,contract,collocation,4.15,157.64,239.45,272.05,289.2,0.8798589706420898,0.7432807087898254,0.7610298991203308,7,6.35,5574,430978,214649
launch campaigns,launch,campaigns,Collocation,1065.91304347826,1.0,launch,campaign,collocation,3.0,234.82,326.5,365.57,390.31,0.885593831539154,0.8364628553390503,0.8187466263771057,6,9.85,143215,430978,214649
launder money,launder,money,Collocation,926.913043478261,1.0,launder,money,collocation,4.54,103.44,164.62,189.47,205.68,0.8702749609947205,0.7463430166244507,0.7308186292648315,2,6.0,13271,430978,214649
leak images,leak,images,Collocation,1028.13043478261,1.0,leak,image,collocation,3.85,179.93,316.21,370.25,403.89,0.885651707649231,0.7308217287063599,0.762649416923523,4,5.66,7240,430978,214649
level charges,level,charges,Collocation,1594.34782608696,0.739130434782609,level,charge,collocation,2.96,190.91,262.88,290.47,306.26,0.8640432953834534,0.7710939645767212,0.7033023238182068,6,7.29,9233,430978,214649
lift bans,lift,bans,Collocation,1215.30434782609,0.956521739130435,lift,ban,collocation,2.37,108.72,169.3,203.52,222.15,0.8753032684326172,0.7858439683914185,0.7476263046264648,24,9.42,32844,430978,214649
lock eyes,lock,eyes,Collocation,1025.47826086957,0.956521739130435,lock,eye,collocation,4.9,206.15,312.42,361.23,392.48,0.8924200534820557,0.7784447073936462,0.7334693074226379,9,7.51,26037,430978,214649
navigate challenges,navigate,challenges,Collocation,1104.13043478261,1.0,navigate,challenge,collocation,2.11,158.7,224.89,250.88,263.63,0.8813419938087463,0.7973881363868713,0.7561252117156982,3,6.71,12323,430978,214649
nurse grudges,nurse,grudges,Collocation,1607.77272727273,0.5,nurse,grudge,collocation,2.14,37.542,64.04,72.485,76.267,0.8559107780456543,0.7921748757362366,0.8035897016525269,5,7.29,1318,430978,214649
pad resumes,pad,resumes,Collocation,1379.08695652174,0.173913043478261,pad,resume,collocation,4.0,27.161,37.773,42.021,44.429,0.8614454865455627,0.6117598414421082,0.6488703489303589,4,6.69,1157,430978,214649
pay visits,pay,visits,Collocation,923.391304347826,1.0,pay,visit,collocation,3.92,204.08,327.1,373.4,400.14,0.8763958811759949,0.7880254983901978,0.7406721711158752,11,8.45,96351,430978,214649
pick fights,pick,fights,Collocation,859.173913043478,1.0,pick,fight,collocation,4.2,166.91,274.84,323.71,354.02,0.911954402923584,0.7645816206932068,0.7468552589416504,12,8.41,25712,430978,214649
pierce darkness,pierce,darkness,Collocation,1654.78260869565,0.565217391304348,pierce,darkness,collocation,3.85,114.39,168.09,194.04,209.34,0.88787841796875,0.749064028263092,0.7399787306785583,5,7.64,1797,430978,214649
pin hopes,pin,hopes,Collocation,1029.17391304348,0.956521739130435,pin,hope,collocation,1.25,166.95,241.91,272.45,287.77,0.8769310116767883,0.7564990520477295,0.7149545550346375,4,8.27,12893,430978,214649
plant kisses,plant,kisses,Collocation,1118.0,0.826086956521739,plant,kiss,collocation,4.48,79.436,123.41,140.16,149.2,0.8991352319717407,0.6641867756843567,0.6822612881660461,6,7.78,6897,430978,214649
polish skills,polish,skills,Collocation,1128.47826086957,1.0,polish,skill,collocation,2.17,158.2,237.46,270.14,289.39,0.8960781097412109,0.6626906394958496,0.6876816153526306,3,5.28,4607,430978,214649
push agendas,push,agendas,Collocation,1043.13043478261,0.91304347826087,push,agenda,collocation,2.66,133.95,192.96,217.15,230.81,0.8830739259719849,0.7793194055557251,0.7718639373779297,10,8.38,28530,430978,214649
read minds,read,minds,Collocation,870.652173913043,1.0,read,mind,collocation,2.5,197.15,276.78,313.43,334.55,0.8699756264686584,0.7006630897521973,0.7357000112533569,11,6.73,34479,430978,214649
reap profits,reap,profits,Collocation,1160.69565217391,1.0,reap,profit,collocation,3.07,59.81,135.58,177.33,201.82,0.8773362636566162,0.778610348701477,0.7509397268295288,2,8.08,9891,430978,214649
scrap plans,scrap,plans,Collocation,1115.95652173913,1.0,scrap,plan,collocation,3.4,144.41,259.22,311.43,339.79,0.8737170696258545,0.7454511523246765,0.7140594124794006,3,5.73,8708,430978,214649
scrape living,scrape,living,Collocation,1601.26086956522,0.652173913043478,scrape,living,collocation,3.04,118.05,167.4,183.13,190.2,0.8879820704460144,0.6160436868667603,0.6732217073440552,6,5.89,1286,430978,214649
share joy,share,joy,Collocation,932.304347826087,1.0,share,joy,collocation,2.37,107.12,161.36,189.58,205.58,0.8877032995223999,0.7735215425491333,0.7720401883125305,5,6.19,17250,430978,214649
shatter myths,shatter,myths,Collocation,1145.17391304348,0.956521739130435,shatter,myth,collocation,2.17,129.8,193.08,219.75,234.87,0.892891526222229,0.8096747398376465,0.7458765506744385,3,7.42,2665,430978,214649
shift blame,shift,blame,Collocation,949.04347826087,0.91304347826087,shift,blame,collocation,2.06,57.303,82.246,91.476,96.689,0.8775725364685059,0.7737758159637451,0.739406406879425,13,8.39,11839,430978,214649
slash spending,slash,spending,Collocation,1297.30434782609,0.956521739130435,slash,spending,collocation,3.31,78.229,122.43,144.17,157.7,0.8528334498405457,0.8034338355064392,0.7792484164237976,5,8.1,4420,430978,214649
smear reputations,smear,reputations,Collocation,1323.13043478261,0.956521739130435,smear,reputation,collocation,1.64,181.29,254.1,285.24,303.63,0.834809422492981,0.5831451416015625,0.6468133926391602,4,5.37,1085,430978,214649
smell fear,smell,fear,Collocation,1373.34782608696,1.0,smell,fear,collocation,2.57,208.48,300.15,342.67,365.02,0.8952858448028564,0.7033283114433289,0.7401078939437866,5,5.75,2087,430978,214649
soften tones,soften,tones,Collocation,1216.69565217391,0.91304347826087,soften,tone,collocation,3.07,168.02,248.56,285.18,303.36,0.8728591203689575,0.7723682522773743,0.7460118532180786,7,6.33,1969,430978,214649
sow confusion,sow,confusion,Collocation,1486.91304347826,0.565217391304348,sow,confusion,collocation,2.24,118.8,177.89,200.35,212.85,0.8368695378303528,0.7113779187202454,0.630864143371582,3,7.65,3504,430978,214649
spark panic,spark,panic,Collocation,1530.86956521739,0.956521739130435,spark,panic,collocation,3.04,68.935,102.98,116.38,124.13,0.891636848449707,0.7304010391235352,0.7966852188110352,2,6.08,1203,430978,214649
spew hate,spew,hate,Collocation,1017.39130434783,0.869565217391304,spew,hate,collocation,1.97,60.282,84.845,95.871,102.6,0.8613906502723694,0.7542157173156738,0.6987178325653076,3,8.77,2021,430978,214649
spill secrets,spill,secrets,Collocation,1118.08695652174,1.0,spill,secret,collocation,2.19,106.43,149.86,166.24,174.76,0.8669190406799316,0.6541102528572083,0.6885644793510437,6,6.64,2935,430978,214649
spin tales,spin,tales,Collocation,1077.0,0.869565217391304,spin,tale,collocation,3.23,178.08,277.38,316.31,343.61,0.8769373297691345,0.7802972197532654,0.7409137487411499,8,8.31,8646,430978,214649
spread terror,spread,terror,Collocation,1097.34782608696,1.0,spread,terror,collocation,2.43,89.753,127.38,141.12,150.15,0.8780682682991028,0.7798117399215698,0.8101349472999573,10,6.0,3270,430978,214649
steer conversations,steer,conversations,Collocation,1200.04347826087,0.956521739130435,steer,conversation,collocation,3.28,166.81,255.38,299.17,324.56,0.8719022274017334,0.6490688323974609,0.6120181679725647,3,6.46,4677,430978,214649
stifle dissent,stifle,dissent,Collocation,1468.17391304348,0.521739130434783,stifle,dissent,collocation,2.17,65.304,91.841,101.36,107.56,0.8457418084144592,0.655478835105896,0.6795055270195007,4,9.06,2974,430978,214649
stimulate discussions,stimulate,discussions,Collocation,1490.73913043478,0.91304347826087,stimulate,discussion,collocation,3.07,180.21,295.44,351.36,377.72,0.8676740527153015,0.7450736165046692,0.7443604469299316,7,7.36,12744,430978,214649
stir controversies,stir,controversies,Collocation,1339.86956521739,0.782608695652174,stir,controversy,collocation,2.29,146.19,222.23,259.61,281.54,0.8648634552955627,0.7520244121551514,0.6930348873138428,8,8.59,6065,430978,214649
strain relations,strain,relations,Collocation,1254.5652173913,0.91304347826087,strain,relation,collocation,2.11,234.35,333.67,369.06,392.03,0.8895125389099121,0.7139019966125488,0.7215602397918701,9,7.47,5144,430978,214649
strike poses,strike,poses,Collocation,1076.47826086957,1.0,strike,pose,collocation,3.33,12.162,16.888,18.741,19.754,0.8937872648239136,0.7607291340827942,0.7163727283477783,21,8.6,13132,430978,214649
string sentences,string,sentences,Collocation,1136.26086956522,0.956521739130435,string,sentence,collocation,3.57,120.5,167.75,185.71,195.53,0.8655645847320557,0.640999436378479,0.7128702402114868,7,6.16,2391,430978,214649
swallow pride,swallow,pride,Collocation,1057.04347826087,1.0,swallow,pride,collocation,1.66,105.29,146.53,161.59,171.11,0.8785714507102966,0.7548012733459473,0.7445476055145264,8,8.82,8341,430978,214649
sway voters,sway,voters,Collocation,1175.78260869565,0.956521739130435,sway,voter,collocation,3.93,113.27,163.03,184.22,197.0,0.847534716129303,0.7860472798347473,0.7449616193771362,4,7.37,2692,430978,214649
sweeten deals,sweeten,deals,Collocation,1235.82608695652,0.956521739130435,sweeten,deal,collocation,3.1,162.55,254.97,291.8,311.14,0.8054201602935791,0.5755633115768433,0.5638331174850464,2,6.46,8402,430978,214649
swing elections,swing,elections,Collocation,1571.86956521739,0.869565217391304,swing,election,collocation,3.17,169.32,244.01,275.67,294.49,0.8705421686172485,0.6215229034423828,0.6783350110054016,13,6.04,2890,430978,214649
taste success,taste,success,Collocation,1044.65217391304,1.0,taste,success,collocation,2.21,194.18,295.66,331.23,349.41,0.8550188541412354,0.601734459400177,0.665382444858551,6,5.9,4956,430978,214649
throw parties,throw,parties,Collocation,948.260869565217,1.0,throw,party,collocation,3.89,161.4,244.31,287.75,312.33,0.8796137571334839,0.7530399560928345,0.7319458723068237,15,8.54,58685,430978,214649
twist words,twist,words,Collocation,1013.30434782609,1.0,twist,word,collocation,3.56,247.83,371.55,418.36,446.17,0.8814607262611389,0.6488770246505737,0.7160848379135132,10,5.18,6271,430978,214649
unearth talent,unearth,talent,Collocation,1159.17391304348,0.956521739130435,unearth,talent,collocation,2.19,149.46,215.84,243.88,261.1,0.8299795389175415,0.5700351595878601,0.6081185340881348,2,5.09,1111,430978,214649
unleash fury,unleash,fury,Collocation,1099.4347826087,1.0,unleash,fury,collocation,2.89,78.211,122.7,138.28,147.9,0.8538044691085815,0.8064877986907959,0.7695769667625427,3,8.5,3432,430978,214649
unlock potential,unlock,potential,Collocation,1086.91304347826,1.0,unlock,potential,collocation,1.91,154.16,221.87,249.35,265.29,0.841495156288147,0.6927198171615601,0.6651813983917236,3,8.54,27122,430978,214649
weave stories,weave,stories,Collocation,1356.52173913043,0.826086956521739,weave,story,collocation,3.3,197.18,328.22,376.06,402.62,0.871631383895874,0.6556630730628967,0.6511611342430115,4,6.09,15961,430978,214649
abandon buildings,abandon,buildings,Productive,1175.0,1.0,abandon,building,productive,4.64,193.2,298.76,338.74,361.38,0.9156718850135804,0.8341591358184814,0.8069016933441162,5,7.17,15935,430978,214649
battle enemies,battle,enemies,Productive,1079.65217391304,0.956521739130435,battle,enemy,productive,2.83,148.22,227.71,259.5,276.9,0.8881509304046631,0.7179211378097534,0.7938255667686462,1,6.38,3316,430978,214649
beat eggs,beat,eggs,Productive,1036.13043478261,1.0,beat,egg,productive,4.97,124.85,178.59,202.35,217.95,0.8816090822219849,0.7521581649780273,0.7466472387313843,23,7.28,12025,430978,214649
bend legs,bend,legs,Productive,1008.69565217391,1.0,bend,leg,productive,4.83,134.48,212.33,256.38,294.07,0.8880210518836975,0.8572521209716797,0.8232344388961792,6,7.5,7787,430978,214649
break bones,break,bones,Productive,936.086956521739,1.0,break,bone,productive,4.9,113.62,182.3,215.25,233.86,0.8775160908699036,0.7864534854888916,0.7891836762428284,59,8.8,66577,430978,214649
build structures,build,structures,Productive,873.304347826087,1.0,build,structure,productive,4.03,243.93,343.97,379.8,400.18,0.8638180494308472,0.8077172636985779,0.8191183805465698,10,7.56,85865,430978,214649
capture soldiers,capture,soldiers,Productive,1064.5652173913,1.0,capture,soldier,productive,4.72,146.17,236.65,278.07,301.43,0.880311131477356,0.6328678131103516,0.6779789924621582,6,6.65,10187,430978,214649
carry loads,carry,loads,Productive,1029.4347826087,0.956521739130435,carry,load,productive,3.63,139.13,209.14,235.35,251.18,0.883627712726593,0.8363696932792664,0.7863651514053345,40,8.16,45814,430978,214649
cast lines,cast,lines,Productive,1357.13043478261,1.0,cast,line,productive,4.5,253.42,357.41,397.32,421.22,0.8877761960029602,0.7258440852165222,0.7494382262229919,11,5.33,7730,430978,214649
catch fish,catch,fish,Productive,874.782608695652,1.0,catch,fish,productive,5.0,164.99,237.0,271.35,292.14,0.8571663498878479,0.7755813002586365,0.8009636998176575,29,9.94,111494,430978,214649
chase balls,chase,balls,Productive,1202.95652173913,0.91304347826087,chase,ball,productive,5.0,152.85,224.94,253.8,268.96,0.8757753372192383,0.776038646697998,0.7639776468276978,4,6.8,7917,430978,214649
close windows,close,windows,Productive,997.04347826087,1.0,close,window,productive,4.86,140.8,244.66,291.16,317.16,0.8689205050468445,0.7886525392532349,0.7664080858230591,17,8.25,46496,430978,214649
cover faces,cover,faces,Productive,971.391304347826,1.0,cover,face,productive,4.87,234.58,343.73,395.03,428.46,0.8653980493545532,0.7481709122657776,0.7516893744468689,26,7.66,55326,430978,214649
crack eggs,crack,eggs,Productive,890.826086956522,1.0,crack,egg,productive,4.97,124.85,178.59,202.35,217.95,0.8934949040412903,0.8169386386871338,0.7861923575401306,13,7.7,7478,430978,214649
crash spaceships,crash,spaceships,Productive,1293.65217391304,0.782608695652174,crash,spaceship,productive,4.48,50.609,75.493,87.215,94.3,0.9068278074264526,0.8243804574012756,0.8262226581573486,13,7.23,1083,430978,214649
cut hair,cut,hair,Productive,870.478260869565,1.0,cut,hair,productive,4.97,145.81,211.36,244.64,264.55,0.8806146383285522,0.7401708364486694,0.7454630732536316,41,8.31,46643,430978,214649
defuse bombs,defuse,bombs,Productive,997.869565217391,1.0,defuse,bomb,productive,4.84,82.168,128.66,156.09,175.26,0.852888822555542,0.7727611660957336,0.7376673221588135,1,8.33,5016,430978,214649
defy laws,defy,laws,Productive,1007.91304347826,1.0,defy,law,productive,2.57,136.56,216.4,271.88,309.43,0.8557779788970947,0.6356614828109741,0.7016953825950623,3,6.7,12283,430978,214649
dent cans,dent,cans,Productive,1300.91304347826,0.826086956521739,dent,can,productive,4.55,58.316,89.046,104.16,112.97,0.8342548608779907,0.6817722320556641,0.6440657377243042,1,6.77,925,430978,214649
dissolve sugar,dissolve,sugar,Productive,991.434782608696,1.0,dissolve,sugar,productive,4.87,84.472,131.97,165.27,185.99,0.867173433303833,0.7461235523223877,0.7590250968933105,11,8.29,7278,430978,214649
drive vehicles,drive,vehicles,Productive,944.260869565217,0.956521739130435,drive,vehicle,productive,4.64,135.77,243.43,288.48,318.05,0.8720148801803589,0.8520961403846741,0.7760428190231323,22,8.3,66778,430978,214649
drop anchors,drop,anchors,Productive,1010.86956521739,1.0,drop,anchor,productive,4.77,96.973,139.06,152.3,158.34,0.905425786972046,0.7759339809417725,0.7741483449935913,23,7.3,9980,430978,214649
enter houses,enter,houses,Productive,1003.13043478261,0.956521739130435,enter,house,productive,5.0,207.43,310.94,359.63,394.2,0.8610780239105225,0.803527295589447,0.7553999423980713,9,7.62,54063,430978,214649
erase boards,erase,boards,Productive,1177.65217391304,0.782608695652174,erase,board,productive,4.57,187.08,278.44,317.8,338.2,0.8740079402923584,0.7616411447525024,0.7291790246963501,3,6.27,3931,430978,214649
face windows,face,windows,Productive,1480.0,0.652173913043478,face,window,productive,4.86,140.8,244.66,291.16,317.16,0.8498071432113647,0.5915623307228088,0.6424936652183533,9,5.38,8743,430978,214649
fight armies,fight,armies,Productive,1292.78260869565,0.956521739130435,fight,army,productive,4.7,127.38,213.56,259.99,294.17,0.8852983117103577,0.8027095198631287,0.8047166466712952,4,6.16,6330,430978,214649
float logs,float,logs,Productive,1426.08695652174,0.739130434782609,float,log,productive,4.96,107.86,149.58,163.52,170.97,0.8503009676933289,0.7756903171539307,0.7928875088691711,9,5.58,871,430978,214649
flood areas,flood,areas,Productive,1049.39130434783,1.0,flood,area,productive,3.72,263.68,404.24,463.02,501.91,0.9079304933547974,0.8130664825439453,0.7858333587646484,4,6.27,17316,430978,214649
forge steel,forge,steel,Productive,1004.17391304348,0.91304347826087,forge,steel,productive,4.87,98.555,155.27,193.79,217.4,0.8494281768798828,0.6641845107078552,0.7158227562904358,7,7.58,4002,430978,214649
frame pictures,frame,pictures,Productive,890.695652173913,1.0,frame,picture,productive,4.52,124.67,237.09,298.33,333.94,0.8827300071716309,0.8346483707427979,0.7946509718894958,6,6.21,9230,430978,214649
freeze water,freeze,water,Productive,1236.36363636364,0.954545454545455,freeze,water,productive,5.0,232.15,324.2,362.8,390.59,0.877822995185852,0.7648146152496338,0.7937900424003601,10,5.43,5735,430978,214649
fuel cars,fuel,cars,Productive,1097.65217391304,1.0,fuel,car,productive,4.89,146.58,271.86,328.14,362.93,0.8775127530097961,0.6909101009368896,0.702420711517334,4,5.0,4448,430978,214649
gather evidence,gather,evidence,Productive,931.347826086957,1.0,gather,evidence,productive,3.65,161.8,250.91,291.33,310.6,0.8984473347663879,0.8241269588470459,0.7605187892913818,9,7.94,40083,430978,214649
harbor terrorists,harbor,terrorists,Productive,1371.73913043478,0.956521739130435,harbor,terrorist,productive,3.64,85.007,132.96,160.49,178.63,0.8884516954421997,0.774359941482544,0.736185610294342,4,7.66,2297,430978,214649
hold hands,hold,hands,Productive,973.826086956522,1.0,hold,hand,productive,4.72,269.2,382.64,427.86,454.46,0.9044346809387208,0.7292757034301758,0.7145122289657593,36,8.38,168395,430978,214649
hurl stones,hurl,stones,Productive,1057.78260869565,0.782608695652174,hurl,stone,productive,4.72,159.19,242.89,279.87,302.48,0.901274800300598,0.7501426935195923,0.7995637655258179,3,7.31,4148,430978,214649
hurt children,hurt,children,Productive,1167.69565217391,0.956521739130435,hurt,child,productive,4.78,201.04,295.22,346.37,384.22,0.8727325201034546,0.7296319603919983,0.786397397518158,7,5.5,11455,430978,214649
ignite flames,ignite,flames,Productive,1211.4347826087,0.91304347826087,ignite,flame,productive,4.67,93.561,139.75,160.47,173.35,0.8531613349914551,0.8216733932495117,0.8202002048492432,3,7.89,2986,430978,214649
inflate balloons,inflate,balloons,Productive,1003.21739130435,1.0,inflate,balloon,productive,4.92,82.715,117.6,132.65,140.92,0.8638684153556824,0.7835493087768555,0.7298752665519714,5,9.37,4946,430978,214649
invade territories,invade,territories,Productive,1185.86956521739,1.0,invade,territory,productive,3.41,170.99,267.54,308.58,331.65,0.8720251321792603,0.8220018148422241,0.8321731090545654,4,7.73,6334,430978,214649
juggle balls,juggle,balls,Productive,943.739130434783,1.0,juggle,ball,productive,5.0,152.85,224.94,253.8,268.96,0.8309358358383179,0.7288537621498108,0.6985999941825867,5,5.87,3627,430978,214649
kick doors,kick,doors,Productive,1010.30434782609,1.0,kick,door,productive,4.81,145.33,240.25,284.65,309.98,0.8760226368904114,0.7235228419303894,0.764331579208374,8,6.68,9371,430978,214649
kill officers,kill,officers,Productive,1716.73913043478,0.956521739130435,kill,officer,productive,4.8,200.25,288.09,326.95,352.01,0.8684486746788025,0.733635425567627,0.7719205617904663,15,7.23,28098,430978,214649
land planes,land,planes,Productive,1061.08695652174,0.956521739130435,land,plane,productive,4.92,122.19,203.02,246.61,272.63,0.8837227821350098,0.7853842377662659,0.787338376045227,7,7.62,6422,430978,214649
launch satellites,launch,satellites,Productive,1152.91304347826,1.0,launch,satellite,productive,4.73,85.82,137.67,159.56,170.31,0.8856378793716431,0.7670897245407104,0.7588363289833069,6,7.73,23789,430978,214649
launder clothes,launder,clothes,Productive,1298.08695652174,0.91304347826087,launder,clothes,productive,4.76,80.582,153.47,188.65,218.42,0.8640956878662109,0.8381520509719849,0.7610626816749573,2,5.62,1033,430978,214649
leak oil,leak,oil,Productive,1007.95454545455,1.0,leak,oil,productive,4.93,116.09,174.9,208.49,229.11,0.8832537531852722,0.8023436069488525,0.7798410058021545,4,7.14,7320,430978,214649
level ground,level,ground,Productive,1159.26086956522,0.91304347826087,level,ground,productive,4.77,207.06,291.84,324.49,350.64,0.8692104816436768,0.6238839626312256,0.698741614818573,6,5.34,2181,430978,214649
lift weights,lift,weights,Productive,907.695652173913,1.0,lift,weight,productive,3.94,136.57,203.08,229.71,245.41,0.8734545111656189,0.7787172794342041,0.781879186630249,24,8.77,39322,430978,214649
lock gates,lock,gates,Productive,973.173913043478,0.956521739130435,lock,gate,productive,4.96,143.81,229.28,265.02,282.2,0.890289843082428,0.823194146156311,0.7822631597518921,9,8.24,11288,430978,214649
navigate waters,navigate,waters,Productive,1279.39130434783,0.956521739130435,navigate,water,productive,5.0,232.15,324.2,362.8,390.59,0.8746521472930908,0.7257578372955322,0.7702450752258301,3,6.46,12267,430978,214649
nurse infants,nurse,infants,Productive,1101.31818181818,1.0,nurse,infant,productive,4.93,95.378,142.86,165.46,180.78,0.9061657190322876,0.8357071876525879,0.8010104298591614,5,6.61,1225,430978,214649
pad cushions,pad,cushions,Productive,1268.86956521739,0.739130434782609,pad,cushion,productive,4.68,51.694,87.616,103.61,112.46,0.8869560956954956,0.8403686285018921,0.8431054949760437,4,7.49,1230,430978,214649
pay debts,pay,debts,Productive,879.304347826087,1.0,pay,debt,productive,2.72,95.713,138.45,158.61,175.87,0.8826446533203125,0.7989386320114136,0.8225786685943604,11,8.3,84234,430978,214649
pick winners,pick,winners,Productive,1008.21739130435,1.0,pick,winner,productive,3.21,161.86,268.28,315.83,341.99,0.9094864726066588,0.7895780205726624,0.7670443654060364,12,8.33,25931,430978,214649
pierce flesh,pierce,flesh,Productive,1343.5652173913,0.91304347826087,pierce,flesh,productive,4.59,117.07,169.48,189.27,199.45,0.8868404626846313,0.8297027945518494,0.7923762202262878,5,7.06,1508,430978,214649
pin hair,pin,hair,Productive,1206.21739130435,0.739130434782609,pin,hair,productive,4.97,145.81,211.36,244.64,264.55,0.8847013115882874,0.7283909916877747,0.7646722197532654,4,5.09,1623,430978,214649
plant seedlings,plant,seedlings,Productive,969.04347826087,1.0,plant,seedling,productive,4.56,51.742,78.571,92.66,100.31,0.8757089376449585,0.8966313600540161,0.8895953297615051,6,8.08,7912,430978,214649
polish surfaces,polish,surfaces,Productive,954.304347826087,1.0,polish,surface,productive,4.26,249.55,357.56,402.19,427.02,0.8868252038955688,0.7519928812980652,0.755270779132843,3,6.5,3211,430978,214649
push door,push,door,Productive,1039.95652173913,1.0,push,door,productive,4.81,145.33,240.25,284.65,309.98,0.8866146802902222,0.7902767658233643,0.7706804275512695,10,6.53,13073,430978,214649
read documents,read,documents,Productive,958.130434782609,1.0,read,document,productive,4.41,158.9,245.28,277.4,295.0,0.8738608360290527,0.7897509336471558,0.8306276202201843,11,6.68,34757,430978,214649
reap harvests,reap,harvests,Productive,1327.69565217391,0.782608695652174,reap,harvest,productive,4.0,101.17,144.38,158.59,165.35,0.8816680312156677,0.7636631727218628,0.7498505115509033,2,9.56,7559,430978,214649
scrap cars,scrap,cars,Productive,933.217391304348,1.0,scrap,car,productive,4.89,146.58,271.86,328.14,362.93,0.8762050271034241,0.790846586227417,0.7462994456291199,3,5.05,4251,430978,214649
scrape skin,scrape,skin,Productive,1129.30434782609,0.91304347826087,scrape,skin,productive,4.79,169.4,240.84,276.4,299.07,0.8900514245033264,0.7891768217086792,0.8099398016929626,6,5.42,1675,430978,214649
share food,share,food,Productive,947.772727272727,1.0,share,food,productive,4.8,169.07,241.2,280.07,303.04,0.8951873779296875,0.6996167302131653,0.7475783228874207,5,5.76,17706,430978,214649
shatter glass,shatter,glass,Productive,995.95652173913,1.0,shatter,glass,productive,4.82,149.6,219.89,246.25,262.92,0.90969055891037,0.8471406698226929,0.7796173095703125,3,7.26,5273,430978,214649
shift position,shift,position,Productive,936.478260869565,0.956521739130435,shift,position,productive,2.62,229.38,325.34,362.4,380.34,0.8668185472488403,0.7186082005500793,0.7700084447860718,13,6.49,13395,430978,214649
slash throats,slash,throats,Productive,1251.95652173913,1.0,slash,throat,productive,4.97,78.256,118.6,144.46,163.8,0.8398049473762512,0.7356380224227905,0.7039865255355835,5,8.11,2869,430978,214649
smear blood,smear,blood,Productive,1217.47826086957,0.956521739130435,smear,blood,productive,4.86,132.86,194.1,218.83,232.67,0.8638219237327576,0.7523881793022156,0.7118024230003357,4,6.35,2322,430978,214649
smell perfume,smell,perfume,Productive,986.434782608696,1.0,smell,perfume,productive,4.66,55.569,89.838,104.75,115.12,0.8875192999839783,0.8931037783622742,0.8518995046615601,5,8.16,2919,430978,214649
soften skin,soften,skin,Productive,966.130434782609,1.0,soften,skin,productive,4.79,169.4,240.84,276.4,299.07,0.8752766847610474,0.7743687033653259,0.7347486615180969,7,7.29,6229,430978,214649
sow crops,sow,crops,Productive,1267.65217391304,0.869565217391304,sow,crop,productive,4.24,130.57,186.59,211.43,228.77,0.827689528465271,0.7565594911575317,0.782122015953064,3,7.86,5292,430978,214649
spark flame,spark,flame,Productive,1135.34782608696,0.91304347826087,spark,flame,productive,4.67,93.561,139.75,160.47,173.35,0.8935712575912476,0.7087956666946411,0.7740868926048279,2,5.68,1100,430978,214649
spew lava,spew,lava,Productive,1273.04347826087,0.782608695652174,spew,lava,productive,4.82,51.592,80.948,94.118,103.81,0.8652674555778503,0.7576954960823059,0.7480445504188538,3,8.65,1017,430978,214649
spill tea,spill,tea,Productive,982.608695652174,1.0,spill,tea,productive,4.69,72.271,138.59,176.5,199.08,0.8736591935157776,0.8265968561172485,0.7872493267059326,6,7.25,2698,430978,214649
spin thread,spin,thread,Productive,1156.86956521739,0.956521739130435,spin,thread,productive,4.83,107.65,151.12,168.96,178.79,0.8833163976669312,0.7511765956878662,0.7726767063140869,8,6.18,3016,430978,214649
spread butter,spread,butter,Productive,808.130434782609,1.0,spread,butter,productive,4.9,82.231,121.23,150.89,172.76,0.8757482171058655,0.709454357624054,0.7458701729774475,10,5.83,3074,430978,214649
steer boats,steer,boats,Productive,1139.39130434783,1.0,steer,boat,productive,4.93,139.06,231.66,280.03,308.1,0.8699477910995483,0.763018786907196,0.7314944267272949,3,6.66,4211,430978,214649
stifle yawns,stifle,yawns,Productive,1125.65217391304,0.869565217391304,stifle,yawn,productive,4.46,18.722,27.298,31.233,33.744,0.7786876559257507,0.6958333253860474,0.6946372985839844,4,9.5,2819,430978,214649
stimulate brain,stimulate,brain,Productive,1015.73913043478,1.0,stimulate,brain,productive,4.69,120.31,177.7,212.37,233.34,0.8546188473701477,0.7370749115943909,0.7407470941543579,7,7.3,6316,430978,214649
stir mixtures,stir,mixtures,Productive,1626.0,0.91304347826087,stir,mixture,productive,3.79,173.87,303.73,353.4,380.67,0.8693267703056335,0.7630581855773926,0.7555011510848999,8,8.65,9045,430978,214649
strain muscles,strain,muscles,Productive,1040.73913043478,1.0,strain,muscle,productive,4.5,91.117,146.9,175.42,195.22,0.8803375959396362,0.8371037244796753,0.7983694672584534,9,7.5,3831,430978,214649
strike targets,strike,targets,Productive,1048.91304347826,1.0,strike,target,productive,4.11,165.15,233.33,258.47,270.78,0.8917428851127625,0.6899957656860352,0.7395792007446289,21,6.88,9230,430978,214649
string beads,string,beads,Productive,1226.4347826087,0.956521739130435,string,bead,productive,4.9,78.865,116.76,135.58,146.95,0.8547117114067078,0.8419107794761658,0.7968401312828064,7,8.52,2491,430978,214649
swallow pills,swallow,pills,Productive,1015.17391304348,1.0,swallow,pill,productive,4.72,68.926,102.91,117.35,126.85,0.8706486225128174,0.845584511756897,0.7934138178825378,8,9.06,8107,430978,214649
sway hips,sway,hips,Productive,1055.65217391304,1.0,sway,hip,productive,4.21,90.411,129.73,157.16,172.63,0.8424645066261292,0.7422579526901245,0.7344684600830078,4,8.23,2465,430978,214649
sweeten milk,sweeten,milk,Productive,1335.82608695652,0.869565217391304,sweeten,milk,productive,4.92,85.509,138.38,171.6,192.28,0.8414332866668701,0.8231655359268188,0.7873506546020508,2,7.48,2791,430978,214649
swing axes,swing,axes,Productive,1054.78260869565,1.0,swing,axe,productive,5.0,40.835,66.546,80.921,90.326,0.8653646111488342,0.8635702729225159,0.8372895121574402,13,8.05,3085,430978,214649
taste beer,taste,beer,Productive,1122.30434782609,1.0,taste,beer,productive,4.88,74.267,130.5,169.11,196.91,0.8571410179138184,0.83537757396698,0.8267773389816284,6,7.03,4437,430978,214649
throw rocks,throw,rocks,Productive,893.95652173913,1.0,throw,rock,productive,4.91,225.91,320.78,360.6,382.06,0.8783896565437317,0.8134645819664001,0.8069981336593628,15,8.39,33109,430978,214649
twist ankles,twist,ankles,Productive,1155.47826086957,0.91304347826087,twist,ankle,productive,4.81,41.848,89.279,125.92,148.97,0.8810736536979675,0.8278928399085999,0.7904281616210938,10,9.05,5585,430978,214649
unearth fossils,unearth,fossils,Productive,1002.86956521739,1.0,unearth,fossil,productive,4.9,82.179,119.57,136.28,145.49,0.8542999029159546,0.817986249923706,0.803802490234375,2,7.14,748,430978,214649
unleash dogs,unleash,dogs,Productive,1036.73913043478,1.0,unleash,dog,productive,4.85,104.88,197.0,248.38,285.38,0.8678624629974365,0.5741004943847656,0.626743733882904,3,5.41,2534,430978,214649
unlock phones,unlock,phones,Productive,944.0,0.956521739130435,unlock,phone,productive,4.86,132.03,200.44,232.92,254.36,0.8368089199066162,0.7346083521842957,0.7118119597434998,3,8.28,18357,430978,214649
weave baskets,weave,baskets,Productive,1108.60869565217,0.956521739130435,weave,basket,productive,5.0,92.968,137.82,159.48,172.87,0.8921250700950623,0.8293242454528809,0.8097106218338013,4,8.54,7588,430978,214649
